,sh1_date,neck1_date,head_date,neck2_date,sh2_date,sh1_price,neck1_price,head_price,neck2_price,sh2_price
0,1993-10-06,1993-10-08,1993-10-15,1993-10-25,1993-11-02,27.22473649022379,26.839485823218503,27.683387767746154,27.169701921042577,27.59165127648812
1,2001-05-02,2001-05-04,2001-05-22,2001-05-30,2001-06-05,85.17541913394804,82.3405000088334,88.11049064716026,83.3811058444814,86.20271201850578
2,2003-06-17,2003-07-01,2003-07-14,2003-07-21,2003-07-28,70.21880311528282,66.50673181281812,70.27934740423606,67.48608724179135,69.64483713113441
3,2005-12-14,2005-12-30,2006-01-11,2006-01-25,2006-01-30,91.92095140744703,89.71733030792666,93.38215026870594,90.78501492383462,92.92767007648416
4,2011-08-17,2011-08-22,2011-08-31,2011-09-12,2011-09-20,97.80005629276953,90.70715240274332,99.66409589955836,92.0305126190637,98.94680883114228
5,2014-03-21,2014-03-27,2014-04-04,2014-04-11,2014-04-22,161.6036684042144,157.22625612634812,162.18503334808986,155.01193392280288,161.07354990908715
6,2015-06-22,2015-07-07,2015-07-20,2015-07-27,2015-07-31,186.21716279383384,178.78913268717326,186.73390627560445,180.6724536007273,185.2185432831115
7,2016-04-01,2016-04-07,2016-04-20,2016-05-06,2016-05-11,184.41826555610805,180.8125059564073,187.78364918422253,181.515860015022,185.66468595466336
8,2018-08-29,2018-09-07,2018-09-21,2018-09-26,2018-10-03,271.37696491209005,266.6980774565751,273.98838773803084,270.42834814021563,273.9790573712785
